Time (s),Source,x,y
0.0,real_pose,1.0,1.0
0.0003523826599121094,odometry,0.0,0.0
0.10197591781616211,real_pose,1.0,1.0
0.10296130180358887,odometry,0.0,0.0
0.20204663276672363,real_pose,1.0,1.0
0.20306015014648438,odometry,0.0,0.0
0.30185866355895996,real_pose,1.0,1.0
0.30283308029174805,odometry,0.0,0.0
0.400909423828125,real_pose,1.0,1.0
0.4014871120452881,odometry,0.0,0.0
0.5019567012786865,real_pose,1.0,1.0
0.5030627250671387,odometry,0.0,0.0
0.6019182205200195,real_pose,1.0,1.0
0.6029233932495117,odometry,0.0,0.0
0.7015607357025146,real_pose,1.0,1.0
0.7025642395019531,odometry,0.0,0.0
0.8019828796386719,real_pose,1.0,1.0
0.8029837608337402,odometry,0.0,0.0
0.9019370079040527,real_pose,1.0,1.0
0.9029614925384521,odometry,0.0,0.0
1.0018222332000732,real_pose,1.0,1.0
1.0028374195098877,odometry,0.0,0.0
1.101984977722168,real_pose,1.0,1.0
1.1030492782592773,odometry,0.0,0.0
1.2018766403198242,real_pose,1.0,1.0
1.2029075622558594,odometry,0.0,0.0
1.3019216060638428,real_pose,1.0,1.0
1.3029427528381348,odometry,0.0,0.0
1.4019668102264404,real_pose,1.0,1.0
1.4029393196105957,odometry,0.0,0.0
1.5017473697662354,real_pose,1.0,1.0
1.50276780128479,odometry,0.0,0.0
1.6018383502960205,real_pose,1.0,1.0
1.6028788089752197,odometry,0.0,0.0
1.7017238140106201,real_pose,1.0,1.0
1.7026798725128174,odometry,0.0,0.0
1.8015565872192383,real_pose,1.0,1.0
1.802565574645996,odometry,0.0,0.0
1.9014980792999268,real_pose,1.0,1.0
1.9025275707244873,odometry,0.0,0.0
2.0016791820526123,real_pose,1.0,1.0
2.0027894973754883,odometry,0.0,0.0
2.10188627243042,real_pose,1.0,1.0
2.103288412094116,odometry,0.0,0.0
2.1999716758728027,real_pose,1.0,1.0
2.2004234790802,odometry,0.0,0.0
2.2997844219207764,real_pose,1.0,1.0
2.30017352104187,odometry,0.0,0.0
2.399894952774048,real_pose,1.0,1.0
2.4001970291137695,odometry,0.0,0.0
2.499946355819702,real_pose,1.0,1.0
2.5002715587615967,odometry,0.0,0.0
2.599888563156128,real_pose,1.0,1.0
2.6003715991973877,odometry,0.0,0.0
2.6999471187591553,real_pose,1.0,1.0
2.700437307357788,odometry,0.0,0.0
2.8017890453338623,real_pose,1.0,1.0
2.8031768798828125,odometry,0.0,0.0
2.9000015258789062,real_pose,1.0,1.0
2.9004995822906494,odometry,0.0,0.0
2.999997615814209,real_pose,1.0,1.0
3.000288486480713,odometry,0.0,0.0
3.1000802516937256,real_pose,1.0,1.0
3.1004796028137207,odometry,0.0,0.0
3.1998660564422607,real_pose,1.0,1.0
3.2002172470092773,odometry,0.0,0.0
3.299980401992798,real_pose,1.0,1.0
3.300501585006714,odometry,0.0,0.0
3.40004563331604,real_pose,1.0,1.0
3.400623083114624,odometry,0.0,0.0
3.50174617767334,real_pose,1.0,1.0
3.503140449523926,odometry,0.0,0.0
3.6012682914733887,real_pose,1.0,1.0
3.602712392807007,odometry,0.0,0.0
3.700134038925171,real_pose,1.0,1.0
3.7005696296691895,odometry,0.0,0.0
3.7999467849731445,real_pose,1.0,1.0
3.8004674911499023,odometry,0.0,0.0
3.900103807449341,real_pose,1.0,1.0
3.9005026817321777,odometry,0.0,0.0
3.9998631477355957,real_pose,1.0,1.0
4.000253438949585,odometry,0.0,0.0
4.100268125534058,real_pose,1.0,1.0
4.100710868835449,odometry,0.0,0.0
4.2001872062683105,real_pose,1.0,1.0
4.200634241104126,odometry,0.0,0.0
4.29996132850647,real_pose,1.0,1.0
4.300402641296387,odometry,0.0,0.0
4.400346517562866,real_pose,1.0,1.0
4.400878190994263,odometry,0.0,0.0
4.499995231628418,real_pose,1.0,1.0
4.500347852706909,odometry,0.0,0.0
4.599905490875244,real_pose,1.0,1.0
4.600258111953735,odometry,0.0,0.0
4.70166015625,real_pose,1.0,1.0
4.7027294635772705,odometry,0.0,0.0
4.80218768119812,real_pose,1.0,1.0
4.803422927856445,odometry,0.0,0.0
4.901888847351074,real_pose,1.0,1.0
4.903010129928589,odometry,0.0,0.0
5.0002219676971436,real_pose,1.0,1.0
5.00063419342041,odometry,0.0,0.0
5.101914882659912,real_pose,1.0,1.0
5.102866888046265,odometry,0.0,0.0
5.202064514160156,real_pose,1.0,1.0
5.2031426429748535,odometry,0.0,0.0
5.301770448684692,real_pose,1.0,1.0
5.302799224853516,odometry,0.0,0.0
5.401822090148926,real_pose,1.0,1.0
5.402786731719971,odometry,0.0,0.0
5.499819278717041,real_pose,1.0,1.0
5.500228643417358,odometry,0.0,0.0
5.601989269256592,real_pose,1.0,1.0
5.603102922439575,odometry,0.0,0.0
5.702085018157959,real_pose,1.0,1.0
5.703175067901611,odometry,0.0,0.0
5.80187201499939,real_pose,1.0,1.0
5.802993059158325,odometry,0.0,0.0
5.900421380996704,real_pose,1.0,1.0
5.900850057601929,odometry,0.0,0.0
6.002006530761719,real_pose,1.0,1.0
6.003106594085693,odometry,0.0,0.0
6.103327512741089,real_pose,1.0,1.0
6.104461431503296,odometry,0.0,0.0
6.201728105545044,real_pose,1.0,1.0
6.2030699253082275,odometry,0.0,0.0
6.301916837692261,real_pose,1.0,1.0
6.303015232086182,odometry,0.0,0.0
6.40160346031189,real_pose,1.0,1.0
6.402807712554932,odometry,0.0,0.0
6.500075578689575,real_pose,1.0,1.0
6.500454664230347,odometry,0.0,0.0
6.60179328918457,real_pose,1.0,1.0
6.602834939956665,odometry,0.0,0.0
6.702049970626831,real_pose,1.0,1.0
6.703125953674316,odometry,0.0,0.0
6.801823377609253,real_pose,1.0,1.0
6.802958011627197,odometry,0.0,0.0
6.899863243103027,real_pose,1.0,1.0
6.900218486785889,odometry,0.0,0.0
7.001912355422974,real_pose,1.0,1.0
7.003010034561157,odometry,0.0,0.0
7.102100133895874,real_pose,1.0,1.0
7.103222846984863,odometry,0.0,0.0
7.20023250579834,real_pose,1.0,1.0
7.200571060180664,odometry,0.0,0.0
7.301831245422363,real_pose,1.0,1.0
7.302802801132202,odometry,0.0,0.0
7.400273323059082,real_pose,1.0,1.0
7.400722026824951,odometry,0.0,0.0
7.500838279724121,real_pose,1.0,1.0
7.501500368118286,odometry,0.0,0.0
7.601306915283203,real_pose,1.0,1.0
7.602250337600708,odometry,0.0,0.0
7.701568126678467,real_pose,1.0,1.0
7.702771186828613,odometry,0.0,0.0
7.8015758991241455,real_pose,1.0,1.0
7.802659749984741,odometry,0.0,0.0
7.90199875831604,real_pose,1.0,1.0
7.902979850769043,odometry,0.0,0.0
8.0016610622406,real_pose,1.0,1.0
8.002720594406128,odometry,0.0,0.0
8.10176706314087,real_pose,1.0,1.0
8.102760791778564,odometry,0.0,0.0
8.201387405395508,real_pose,1.0,1.0
8.202301502227783,odometry,0.0,0.0
8.30154824256897,real_pose,1.0,1.0
8.302607774734497,odometry,0.0,0.0
8.401782512664795,real_pose,1.0,1.0
8.402708053588867,odometry,0.0,0.0
8.499926090240479,real_pose,1.0,1.0
8.500255107879639,odometry,0.0,0.0
8.601593017578125,real_pose,1.0,1.0
8.602561235427856,odometry,0.0,0.0
8.701667308807373,real_pose,1.0,1.0
8.702668190002441,odometry,0.0,0.0
8.800013303756714,real_pose,1.0,1.0
8.800405979156494,odometry,0.0,0.0
8.900136947631836,real_pose,1.0,1.0
8.90049433708191,odometry,0.0,0.0
8.999865770339966,real_pose,1.0,1.0
9.000195026397705,odometry,0.0,0.0
9.102057933807373,real_pose,1.0,1.0
9.103150367736816,odometry,0.0,0.0
9.200873136520386,real_pose,1.0,1.0
9.201542139053345,odometry,0.0,0.0
9.301880836486816,real_pose,1.0,1.0
9.30295705795288,odometry,0.0,0.0
9.40195369720459,real_pose,1.0,1.0
9.403549909591675,odometry,0.0,0.0
9.49997067451477,real_pose,1.0,1.0
9.50030255317688,odometry,0.0,0.0
9.601684808731079,real_pose,1.0,1.0
9.602701425552368,odometry,0.0,0.0
9.701962947845459,real_pose,1.0,1.0
9.703054666519165,odometry,0.0,0.0
9.801609992980957,real_pose,1.0,1.0
9.80307149887085,odometry,0.0,0.0
9.901911973953247,real_pose,1.0,1.0
9.903015613555908,odometry,0.0,0.0
9.999826669692993,real_pose,1.0,1.0
10.000269889831543,odometry,0.0,0.0
10.10001802444458,real_pose,1.0,1.0
10.10039758682251,odometry,0.0,0.0
10.199911832809448,real_pose,1.0,1.0
10.200256109237671,odometry,0.0,0.0
10.299890279769897,real_pose,1.0,1.0
10.300196886062622,odometry,0.0,0.0
10.399845600128174,real_pose,1.0,1.0
10.400163173675537,odometry,0.0,0.0
10.499943256378174,real_pose,1.0,1.0
10.500311374664307,odometry,0.0,0.0
10.60166049003601,real_pose,1.0,1.0
10.602599143981934,odometry,0.0,0.0
10.701964378356934,real_pose,1.0,1.0
10.703007698059082,odometry,0.0,0.0
10.801697969436646,real_pose,1.0,1.0
10.803154945373535,odometry,0.0,0.0
10.901987552642822,real_pose,1.0,1.0
10.903041124343872,odometry,0.0,0.0
11.001631259918213,real_pose,1.0,1.0
11.0028076171875,odometry,0.0,0.0
11.102105855941772,real_pose,1.0,1.0
11.103215456008911,odometry,0.0,0.0
11.201691627502441,real_pose,1.0,1.0
11.202750205993652,odometry,0.0,0.0
11.300780534744263,real_pose,1.0,1.0
11.301082611083984,odometry,0.0,0.0
11.402010679244995,real_pose,1.0,1.0
11.40300703048706,odometry,0.0,0.0
11.5007963180542,real_pose,1.0,1.0
11.501384973526001,odometry,0.0,0.0
11.602000951766968,real_pose,1.0,1.0
11.603079795837402,odometry,0.0,0.0
11.701611757278442,real_pose,1.0199652904,1.0
11.702626705169678,odometry,0.019965290400000002,0.0
11.801783323287964,real_pose,1.0199652904,1.0
11.802715539932251,odometry,0.019965290400000002,0.0
11.901784658432007,real_pose,1.0398539816803776,0.9982083008557083
11.902785301208496,odometry,0.03985398168037762,-0.0017916991442916627
12.002123594284058,real_pose,1.0595919405650545,0.9946226018022756
12.003215789794922,odometry,0.0595919405650544,-0.005377398197724435
12.102226257324219,real_pose,1.078881056635292,0.9892845991711717
12.103483200073242,odometry,0.07888105663529182,-0.010715400828828273
12.20210886001587,real_pose,1.0975844544605022,0.9822436608046421
12.203257322311401,odometry,0.09758445446050204,-0.017756339195357893
12.30212116241455,real_pose,1.1156003379333528,0.9735415540227884
12.303240537643433,odometry,0.11560033793335266,-0.026458445977211566
12.401799201965332,real_pose,1.1327427952445523,0.963265658482854
12.402709007263184,odometry,0.13274279524455215,-0.03673434151714599
12.501737356185913,real_pose,1.148881479506834,0.9515000031881835
12.502660989761353,odometry,0.1488814795068338,-0.048499996811816465
12.60169267654419,real_pose,1.1639051742282946,0.9383279252050176
12.602309942245483,odometry,0.16390517422829448,-0.06167207479498235
12.699841737747192,real_pose,1.177554293916212,0.9239977732557186
12.700292825698853,odometry,0.17755429391621197,-0.07600222674428136
12.801884174346924,real_pose,1.1901529841955147,0.9081608283429561
12.803209066390991,odometry,0.1901529841955147,-0.09183917165704394
12.90172553062439,real_pose,1.20110820545203,0.8914738409441512
12.903154850006104,odometry,0.20110820545202995,-0.10852615905584884
13.00124740600586,real_pose,1.2105054313628587,0.8739029367925768
13.002626895904541,odometry,0.2105054313628588,-0.1260970632074232
13.102705955505371,real_pose,1.2184175520478964,0.8552641558151406
13.104062795639038,odometry,0.21841755204789642,-0.14473584418485946
13.201711416244507,real_pose,1.2244823749658824,0.8363522156068668
13.203098773956299,odometry,0.2244823749658825,-0.1636477843931332
13.302245855331421,real_pose,1.2288925843308374,0.816718219500716
13.303167581558228,odometry,0.22889258433083742,-0.18328178049928404
13.402084589004517,real_pose,1.2288925843308374,0.816718219500716
13.403108596801758,odometry,0.22889258433083742,-0.18328178049928404
13.503134489059448,real_pose,1.2288925843308374,0.816718219500716
13.504103183746338,odometry,0.22889258433083742,-0.18328178049928404
13.603328704833984,real_pose,1.2288925843308374,0.816718219500716
13.604345321655273,odometry,0.22889258433083742,-0.18328178049928404
13.702231645584106,real_pose,1.2288925843308374,0.816718219500716
13.703283071517944,odometry,0.22889258433083742,-0.18328178049928404
13.800497055053711,real_pose,1.2288925843308374,0.816718219500716
13.800817251205444,odometry,0.22889258433083742,-0.18328178049928404
13.901864767074585,real_pose,1.2288925843308374,0.816718219500716
13.90324091911316,odometry,0.22889258433083742,-0.18328178049928404
14.002392768859863,real_pose,1.2288925843308374,0.816718219500716
14.003601312637329,odometry,0.22889258433083742,-0.18328178049928404
14.102378845214844,real_pose,1.2288925843308374,0.816718219500716
14.103585958480835,odometry,0.22889258433083742,-0.18328178049928404
14.202455997467041,real_pose,1.2288925843308374,0.816718219500716
14.203693389892578,odometry,0.22889258433083742,-0.18328178049928404
14.302574396133423,real_pose,1.2288925843308374,0.816718219500716
14.303804397583008,odometry,0.22889258433083742,-0.18328178049928404
14.403301000595093,real_pose,1.2288925843308374,0.816718219500716
14.404622793197632,odometry,0.22889258433083742,-0.18328178049928404
14.499847173690796,real_pose,1.2288925843308374,0.816718219500716
14.500295162200928,odometry,0.22889258433083742,-0.18328178049928404
14.599918842315674,real_pose,1.2288925843308374,0.816718219500716
14.6002197265625,odometry,0.22889258433083742,-0.18328178049928404
14.700330972671509,real_pose,1.2288925843308374,0.816718219500716
14.700636863708496,odometry,0.22889258433083742,-0.18328178049928404
14.80015254020691,real_pose,1.2288925843308374,0.816718219500716
14.800471305847168,odometry,0.22889258433083742,-0.18328178049928404
14.900252103805542,real_pose,1.2288925843308374,0.816718219500716
14.90057897567749,odometry,0.22889258433083742,-0.18328178049928404
15.000522136688232,real_pose,1.2288925843308374,0.816718219500716
15.000882387161255,odometry,0.22889258433083742,-0.18328178049928404
15.100009202957153,real_pose,1.2288925843308374,0.816718219500716
15.100376844406128,odometry,0.22889258433083742,-0.18328178049928404
15.200397253036499,real_pose,1.2288925843308374,0.816718219500716
15.20072627067566,odometry,0.22889258433083742,-0.18328178049928404
15.300489664077759,real_pose,1.2288925843308374,0.816718219500716
15.300838947296143,odometry,0.22889258433083742,-0.18328178049928404
15.399844884872437,real_pose,1.2288925843308374,0.816718219500716
15.400160312652588,odometry,0.22889258433083742,-0.18328178049928404
15.500083684921265,real_pose,1.2288925843308374,0.816718219500716
15.50043773651123,odometry,0.22889258433083742,-0.18328178049928404
15.600236415863037,real_pose,1.2288925843308374,0.816718219500716
15.600616693496704,odometry,0.22889258433083742,-0.18328178049928404
15.700723648071289,real_pose,1.2288925843308374,0.816718219500716
15.70109510421753,odometry,0.22889258433083742,-0.18328178049928404
15.800278425216675,real_pose,1.2288925843308374,0.816718219500716
15.80071759223938,odometry,0.22889258433083742,-0.18328178049928404
15.90040636062622,real_pose,1.2288925843308374,0.816718219500716
15.900773286819458,odometry,0.22889258433083742,-0.18328178049928404
16.00032067298889,real_pose,1.2288925843308374,0.816718219500716
16.000725507736206,odometry,0.22889258433083742,-0.18328178049928404
16.10260534286499,real_pose,1.2288925843308374,0.816718219500716
16.10373020172119,odometry,0.22889258433083742,-0.18328178049928404
16.201205015182495,real_pose,1.2288925843308374,0.816718219500716
16.20156979560852,odometry,0.22889258433083742,-0.18328178049928404
16.302652597427368,real_pose,1.2288925843308374,0.816718219500716
16.303688526153564,odometry,0.22889258433083742,-0.18328178049928404
16.400607109069824,real_pose,1.2288925843308374,0.816718219500716
16.400963306427002,odometry,0.22889258433083742,-0.18328178049928404
16.50030517578125,real_pose,1.2288925843308374,0.816718219500716
16.500745058059692,odometry,0.22889258433083742,-0.18328178049928404
16.600294589996338,real_pose,1.2288925843308374,0.816718219500716
16.600717306137085,odometry,0.22889258433083742,-0.18328178049928404
16.700695276260376,real_pose,1.2288925843308374,0.816718219500716
16.70107078552246,odometry,0.22889258433083742,-0.18328178049928404
16.800827503204346,real_pose,1.2288925843308374,0.816718219500716
16.801178455352783,odometry,0.22889258433083742,-0.18328178049928404
16.90295934677124,real_pose,1.2288925843308374,0.816718219500716
16.90402317047119,odometry,0.22889258433083742,-0.18328178049928404
17.000481605529785,real_pose,1.2288925843308374,0.816718219500716
17.000904083251953,odometry,0.22889258433083742,-0.18328178049928404
17.10049819946289,real_pose,1.2288925843308374,0.816718219500716
17.10087776184082,odometry,0.22889258433083742,-0.18328178049928404
17.20267605781555,real_pose,1.2288925843308374,0.816718219500716
17.203670501708984,odometry,0.22889258433083742,-0.18328178049928404
17.302951097488403,real_pose,1.2288925843308374,0.816718219500716
17.303987741470337,odometry,0.22889258433083742,-0.18328178049928404
17.403287887573242,real_pose,1.2288925843308374,0.816718219500716
17.404328107833862,odometry,0.22889258433083742,-0.18328178049928404
17.500786304473877,real_pose,1.2288925843308374,0.816718219500716
17.50108790397644,odometry,0.22889258433083742,-0.18328178049928404
17.603070735931396,real_pose,1.2288925843308374,0.816718219500716
17.604543447494507,odometry,0.22889258433083742,-0.18328178049928404
17.70309042930603,real_pose,1.2288925843308374,0.816718219500716
17.704551458358765,odometry,0.22889258433083742,-0.18328178049928404
17.80306077003479,real_pose,1.2288925843308374,0.816718219500716
17.80455470085144,odometry,0.22889258433083742,-0.18328178049928404
17.90304398536682,real_pose,1.2288925843308374,0.816718219500716
17.90450930595398,odometry,0.22889258433083742,-0.18328178049928404
18.003133058547974,real_pose,1.2288925843308374,0.816718219500716
18.004518270492554,odometry,0.22889258433083742,-0.18328178049928404
18.10323143005371,real_pose,1.2288925843308374,0.816718219500716
18.10468888282776,odometry,0.22889258433083742,-0.18328178049928404
